UserName,Name,Category,Followers,Post Created Date,Post Created Time,Following,Likes,Total Interactions,Views,Comments,Number of Post,Posts,Link
jlo,Jennifer Lopez,Artist,246291434,2023-05-11,08:48:26,1520,7617847,7702735,1194513,84888,723,"['Summer is finally here â˜€ï¸ @Delola is the official drink of the summer â€¦ so sit back, open a bottle, pour over ice & enjoy! \U0001fa75 XOXO, Lola #DelolaLife ğŸ“¸ @gregswalesart', 'New unreleased scene from #TheMother âœ¨ Enjoy it this #MemorialDayWeekendâ€¦ @netflix @egt239 @nikicaro @gaelgarciab #JosephFiennes ğŸ“¸ @lacarba', 'A lil #MemorialDayWeekend treat for you â€¦ a special extended flashback scene from #TheMother!!! @netflix @nikicaro @gaelgarciab @egt239\n\nğŸ“·: @lacarba', 'WARRIOR. #TheMother @Netflix\n\n@nikicaro @egt239 @lucypaezofficial \n\nğŸ“¸ @lacarba ğŸ¥ @jasonbergh', 'Dot, blend and glow with my favorite @JLoBeauty contour and highlight hack âœ¨ Get the Look on JLoBeauty.com + @Sephora #JLoBeautyRemix', '#THEMOTHER #NuyoricanProductions @nikicaro @egt239 @courtneybaxterr @lucypaezofficial @netflix ğŸ“¸ @lacarba', 'Watching #TheMother with my beautiful mothers!!! @Delola watch party ğŸ·\n\n@netflix #DelolaLife #MotherIsAlwaysRight', 'A motherâ€™s love is pure animal instinct â€¦ #TheMother @Netflix now playing âœ¨ @nikicaro @egt239', 'Skin prep by none other than @JLoBeauty for the premiere the other night âœ¨\n\nHave a movie night in with @Netflix #TheMother and your #JLoBeauty essentials from @Sephora + JLoBeauty.com @people \n\nğŸ“¸: @LaCarba Robe: @intimissimiofficial', 'Ready for the weekend ğŸ˜âœ¨ #TheMother @Netflix', 'Thank you @brunellocucinelli for this beautiful custom suit for my premiere last night!!! ğŸ¤ğŸ¤ğŸ¤ #TheMother @Netflix @jlobeauty @hairbylorenzomartin @tombachik @robzangardi @marielhaenn @ash_kholm @brunellocucinelli_brand', 'THE MOTHER PREMIERE âœ¨ @Netflix @NetflixFilm @egt239 @nikicaro @lucypaezofficial @gaelgarciab @jlobeauty  @delola']",https://instagram.com/jlo
shakira,Shakira,Musician/band,86718858,2023-05-08,20:25:54,159,22759229,23262624,0,503395,2095,"['Jamming to #acrostico', '@bizarrap', 'Esta linda niÃ±a guajira que lleva nuestra bandera puesta pertenece a un colegio en Uribia para 1200 niÃ±os que no dispone de baÃ±os, aulas, comedor y cocina. \nEstaremos construyendo con @fpiesdescalzos aquÃ­, un nuevo mÃ³dulo con todo lo que necesitan. Seguimos trabajando y pedimos mÃ¡s esfuerzos al gobierno y al sector privado para que nuestros niÃ±os puedan obtener una educaciÃ³n digna y un futuro mucho mejor que su presente.', 'Si no hay olas se hacen!', 'Letâ€™s go Heat! ğŸ€', 'Con @bizarrap y @duki', 'Con mi sobrina Isabella Mebarak @isabellamebarak anoche en su exhibiciÃ³n en Miami. Al fondo â€œAmerikkkanâ€ su obra protesta sobre Black Lives Matter. One of my fav!', 'Este aÃ±o Milan ha escrito canciones que me arrancaron lÃ¡grimas de emociÃ³n y Sasha ha dedicado horas en el piano, descubriendo su voz. \n\nAmbos han compartido a mi lado en el estudio y al escuchar esta canciÃ³n dedicada a ellos me han pedido hacer parte. \n\nLa han sentido e interpretado por ellos mismos y para ellos mismos, con la pasiÃ³n y el sentimiento del que lleva la mÃºsica dentro.\n\nMilan y Sasha, es tan bonito ver como abren sus alas para empezar a realizar sus sueÃ±os! \n\nNo hay nada que me haga sentir mÃ¡s plena que ser su mamÃ¡ â¤ï¸', 'Happy Motherâ€™s Day to the woman who taught me how to love.', 'AcrÃ³stico ğŸ‘©\u200dğŸ‘¦\u200dğŸ‘¦ Ya Disponible / Out Now', 'ACRÃ“STICO MaÃ±ana / Tomorrow 8PM EST', 'Thanks to @afovverde and my amazing @sonymusiclatin team ğŸ˜']",https://instagram.com/shakira
beyonce,BeyonceÌ,Musician,310306887,2023-03-24,16:34:34,0,33751449,34105703,0,354254,2074,"['My beautiful first born ğŸ™ğŸ¾ Iâ€™m so proud and thankful to be your mama. You bring us so much joy, my sweet angel.', 'Happy Muvaâ€™s Day. I love you so much Mama and Iâ€™m so grateful for all you do for me.', 'Welcome to the RENAISSANCE', 'Thank you @olivier_rousteing and @balmain for bringing RENAISSANCE to life in couture. Designing alongside you was freeingâ€”thank you for allowing me to celebrate the human form, to take artistic risks, to push boundaries and to freely express myself.\n\nTo the @voguefrance team, thank you for trusting in our vision and sharing it with the world.']",https://instagram.com/beyonce
katyperry,KATY PERRY,,199883873,2023-05-16,01:53:54,753,2385707,2406300,3684778,20593,2226,"['This wedding szn, you donâ€™t need to worry about catching the bouquet when youâ€™re already wearing one ğŸ’ #shoesdaytuesday', '@michaeljwoodard is bringin the trouble in his new vid, and itâ€™s SO GEWD 2 ME, out now ğŸ¤© check him in his starrrrr mode! @unsubrecords', 'Did someone say long weekend?! Donâ€™t forget to stock up on all your fav apÃ©ritifs this MDW! Up to 15% off now!', 'Jump(suit) into summer â˜€ï¸ \n\nShoes: The Timmer Bow @katyperrycollections\nJumpsuit: The Hanna @aboutyou \n#shoesdaytuesday', 'orange u glad it was a great #idolfinale? ğŸŠğŸ§¡\n\nğŸ“¸: @manthony783', '#MINUTEBEFORETHESHOW #IDOLFINALE', '#idolfinale with @havenmadisonsings \U0001faf6ğŸ¼', 'I â™¥ï¸ when my fav pop girlies visit me at work! \U0001f979 @elliegoulding live on #IDOLFINALE ON RN WATCH N VOTE âœ”ï¸', 'ğŸ½ï¸ no crumbsâ€¦ (but srsly which was ur fav tho? fight about it in the commentsğŸ‘‡ğŸ») #idol', 'Celebrating the #idol finale tonight with a @buzzfeed interview w/ a half dozen PUPPIES!!!!! ğŸ¶\U0001f979\U0001f972ğŸ˜­ğŸ˜©ğŸ¥°\U0001faf6ğŸ¼ğŸ¶\n\nI talk all things IDOL, PLAYğŸ„, and even â€œhintâ€ a lil bit about whatâ€™s to come', 'Actually, DO get it twisted! ğŸ”€ #shoesdaytuesday', 'The collab yâ€™all have been waiting forâ€¦ GRWM (Katy) while @lukebryan narratesğŸ’„ğŸ¤\n(And then watch #idolâ€™s road to the finale special tonight at 9pm ET!)\n\nğŸ“¹: @biancanicdao']",https://instagram.com/katyperry
graceartworld,Grace Art World(NYC),Artist,1297,2019-12-18,06:50:21,941,3688,3870,0,182,93,"['Original abstract painting title:[Summer in Full Bloom] \n\n#flowerpainting\n#flowerpaintings \n#artistsupport \n#artistoninstagram \n#artlover \n#colorpainting', 'Original abstract landscape painting title: [Wildflowers in the smoky mountains No.1]\n\n#abstractlandscape \n#abstractart \n#joanmitchell \n#contemporaryart \n#artlover \n#artlovers \n#homedecor \n#homesweethome \n#colorpainting \n#abstraction \n#artistsoninstagram', 'Original abstract painting title: [Glittering Water Ripples In The Sunlight] \n#abstractartorg \n#abstractexpressionism \n#abstracts \n#abstractlandscape \n#contemporaryart \n#artistoninstagram \n#artistofinstagram \n#nycartist \n#nycartists \n#theartlovers \n#artloversclub \n#homedecor \n#homesweethome \n#home\n#artcollection \n#artcollectors \n#expressionistart\n#callforart \n#callforartists \n#hopperprize', 'Original acrylic abstract painting title:[ Blue Tulips] \nDimension: 35.6 X 43.2 cm \n#flowerspainting \n#abstracts \n#abstractpainting \n#bluecolor \n#bluecolorpaintings \n#homedecor \n#abstractflowers \n#home \n#homesweethome \n#homedecor \n#abstractexpressionism \n#abstract_post \n#paintings \n#artistsoninstagram\n#acrylicpainting \n#acrylicart \n#acryliconcanvas\n#hopperprize \n#callforartists', 'Original abstract painting title: [The Memory Lingers On] \n#abstracts \n#abstractsonfire \n#abstract_artpost\n#abstractexpressionism \n#textures \n#texturepainting\n#homedecor \n#homedecoration \n#designer \n#designinspiration \n#colorful \n#abstractartorg \n#contemporaryart\n#artcollection \n#artcontemporary \n#expressyourself \n#expression\n#abstractartorg\n#hopperprize \n#callforart \n#callforartists', 'Original abstract painting title:[Waltz Dance] \n#abstracts \n#abstractpainting \n#contemporarypainting \n#contemporary \n#nyartist \n#nyartists \n#homedecor \n#homesweethome \n#galleryartist \n#gallerywall \n#gallerywalldecor \n#wallart \n#artistsoninstagram \n#artist\n#abstractor \n#abstractartorg', 'Original abstract painting title: [DAWN] ... Many retired and private practice doctors and nurses answered City Hallâ€™s cry for help, volunteering to join the Big Appleâ€™s medical reserve and help treat their fellow New Yorkers stricken with coronavirus. â€œThank you so much for being so strong in tough times!â€ğŸŒ·ğŸŒ·ğŸ’–â¤ï¸â¤ï¸ğŸ’ªğŸ’ª #abstract \n#abstractart \n#abstractexpressionism \n#abstractpainting \n#contemporaryart \n#nyc \n#artistsoninstagram \n#desinger \n#homedecor \n#nyartist \n#thankyou \n#thankful \n#gallerywall', 'Original abstract painting title:[Deep Sea No.1]\n\n#abstractpainters \n#abstractart \n#abstracts \n#abstractartorg \n#contemporary \n#contemporarypainting \n#contemporaryart \n#designinspiration \n#designer \n#fashiondesigner \n#nycartists \n#paintingğŸ¨ \n#homedecor \n#homesweethome \n#artgallery \n#artofinstagram', 'Original abstract painting title:[Fall in purple No.1] \n#floraldesign \n#artworkğŸ¨ \n#contemporaryart \n#colors \n#abstractpainting \n#artoftheday \n#artistsoninstagram \n#artist \n#purple \n#abstracts \n#homesweethome \n#home \n#decor \n#partenariat \n#fashion \n#designer \n#designinspiration', 'Original abstract painting UNTILE No. 7\n\n#abstractpainting \n#abstracts \n#abstractart \n#homedecor \n#homesweethomeğŸ¡ \n#home \n#contemporarypainting \n#contemporaryart \n#acrylicpainting \n#desinger \n#designinspiration \n#designs', 'Original abstract painting title: [Brand Icons]\n\n#abstact \n#abstractphotography \n#abstractpaintingart \n#abstractpaintingartist \n#texturepainting \n#contemparyart \n#contemporarydesign \n#homedecorating \n#home \n#homesweethome \n#homedecorator \n#designinspiration \n#designerbags \n#designers', 'Original abstract painting title:[Ripples]\n\n#abstract_art \n#abstractpainters \n#abstractpainting \n#homesweethome \n#homedecorating \n#homedesign \n#paintings \n#colorpainting \n#abstraction \n#abstractart_daily \n#abstractors \n#colorfulart \n#interiordesigner \n#artistsoninstagram']",https://instagram.com/graceartworld
cristiano,Cristiano Ronaldo,Athlete,586750956,2023-05-01,19:00:13,561,115384179,116270010,11284393,885831,3491,"['Which is your favourite?\nTell me in the comments below ğŸ‘‡\nGet the @livescore app and never miss a goal', 'Great team spirit to come back and win it!\nBig thank you to the fans that stood with us when we most needed ! ğŸ™ŒğŸ» ğŸ’›ğŸ’™', 'Proud to extend my partnership with @herbalife as we enter a new era together. Thank you for fueling my performance over the years in the gym and on the field. #CR7Drive #LiveYourBestLife', 'ğŸŒ', 'Sensing the power that #CR7ORIGINS gives me.\n\n#CR7\xa0#PLAYFECTIONISM #CR7FRAGRANCES  #FRAGRANCES', 'Important win tonight, 3 more games ahead!\nWe keep believing until the end!ğŸ’ªğŸ¼ğŸ’›ğŸ’™', 'Had the pleasure a few years ago to visit Singapore, spend some time with these amazing kids and see the great work of the Peter Lim Scholarship. \nLooking forward to see all of you again next monthğŸ¤—', 'Excited to visit the new @jacobandco boutique in Riyad, Saudi Arabia! Thank you @jacobarabo for the warm welcome.', 'Indulging in history and gastronomy at @tatel.riyadh in @bujairiterrace with a stunning view of #at_turaif @visitdiriyah', 'Happy family moments!â™¥ï¸â˜€ï¸', 'Ø§Ù†Ø§_Ø¹Ø§Ù„Ù…ÙŠ \n#ANA_AALAMY\nğŸ’›ğŸ’™', 'Goal alerts, the latest news, get it all on the @livescore app']",https://instagram.com/cristiano
ladygaga,Lady Gaga,Musician,55138216,2023-02-15,03:12:01,93,20047259,20228239,0,180980,3592,"['UK, are you ready for our supercharged artistry makeup? ğŸ‡¬ğŸ‡§ @hauslabs is launching exclusively at Sephora UK in-store and online on June 6, and we canâ€™t wait for you to join us! Sign up for the waitlist on sephora.co.uk to shop the moment we drop! xx, LG #HausLabsxSephoraUK', 'Having a cuppa in celebration of something exciting coming tomorrow ğŸµ', '4 brand new neutral shades of our Le Monster Lip Crayon are now available at\xa0@sephora, @sephoracanada and @hauslabs\xa0ğŸ’‹', 'Thatâ€™s a wrap â¤ï¸\u200dğŸ”¥ ğŸ¬ğŸƒ X, Harleen', '@ladygaga x @domperignonofficial photographed by @mario_sorrenti.\n\xa0\n#DomPÃ©rignon\n#DomPÃ©rignonxLadyGaga\n\xa0\nEnjoy responsibly.', '#HoldMyHand âœˆï¸ğŸ–¤ #Oscars 2023', '#Oscars 2023 ğŸ–¤ @tiffanyandco @hauslabs', 'ğŸ–¤ğŸ–¤ğŸ–¤ğŸ“½ï¸', 'The new chapter of the @ladygaga x @domperignonofficial collaboration.\n\nPhotography: @mario_sorrenti\n\n#DomPÃ©rignon\n#DomPÃ©rignonxLadyGaga\n\nEnjoy responsibly.', 'The new chapter of the @ladygaga x @domperignonofficial collaboration celebrates devotion to the inspiring, uplifting work of creation, beautifully captured by @mario_sorrenti.\n\n#DomPÃ©rignon\n#DomPÃ©rignonxLadyGaga\n\nEnjoy responsibly.', 'The newest chapter of the @ladygaga x @domperignonofficial collaboration invites you to explore the process of creation: passionate, relentless, elevating.\n\nDirected and composed by @woodkidmusic, with choreography from @sidilarbicherkaoui.\n\n#DomPÃ©rignon\n#DomPÃ©rignonxLadyGaga\n\nEnjoy responsibly.', 'Folie Ã  Deux ğŸƒ']",https://instagram.com/ladygaga
chennaiipl,Chennai Super Kings,Sports team,12933621,2023-05-30,19:30:58,222,12313658,12361493,2519305,47835,12994,"['CHAMPION5ï¸âƒ£! \n\n#IPL2023Final #CSKvGT  #WhistlePodu #Yellove ğŸ¦', 'GOOSEBUMPS ğŸ¦ğŸ’›\n\n#IPL2023Final #CSKvGT #WhistlePodu #Yellove', 'ğ™’ğ™š ğ™–ğ™§ğ™š ğ™©ğ™ğ™š ğ˜¾ğ™ğ™šğ™£ğ™£ğ™–ğ™ ğ˜½ğ™¤ğ™®ğ™¨ \nğ™ˆğ™–ğ™ ğ™ğ™£ğ™œ ğ™–ğ™¡ğ™¡ ğ™©ğ™ğ™š ğ™£ğ™¤ğ™ğ™¨ğ™š\nğ™€ğ™«ğ™šğ™§ğ™®ğ™¬ğ™ğ™šğ™§ğ™š ğ™¬ğ™š ğ™œğ™¤! ğŸ¥³ğŸ¥³\n\n#CHAMPION5 #WhistlePodu #Yellove ğŸ¦ğŸ’›', 'Straight from the championâ€™s heart! \U0001f979ğŸ’›\n\n#CHAMPION5 #WhistlePodu #Yellove ğŸ¦', '1ï¸âƒ£5ï¸âƒ£0ï¸âƒ£ times the power! ğŸ”¥\n\n#WhistlePodu #CHAMPION5 #Yellove ğŸ¦ğŸ’›', 'Achievement Unlocked - â­â­â­â­â­\n\n#CHAMPION5 #WhistlePodu #Yellove ğŸ’›', 'Thala x Superfans = ğŸ’›\n\n#WhistlePodu #Yellove ğŸ¦', '6ï¸âƒ£ time Champion - A Baahubalian Feat! ğŸ’ªğŸ»\n\n#CHAMPION5 #WhistlePodu #Yellove ğŸ¦ğŸ’›', 'Hold it high, Young one! ğŸ’›\n\n#CHAMPION5 #WhistlePodu #Yellove ğŸ¦', 'The DuO that knocked it out of the park! ğŸ”¥ğŸ’ªğŸ»\n\n#CHAMPION5 #WhistlePodu #Yellove ğŸ¦ğŸ’›', 'Just wanna say, Good Night Champions! We will remember today â™¾ï¸\n\n#WhistlePodu #Yellove #CHAMPION5ğŸ¦ğŸ’›', 'ğŸ“¹ 57 seconds of \U0001f979ğŸ’›\n\n#CHAMPION5 #WhistlePodu #Yellove ğŸ’›']",https://instagram.com/chennaiipl
mumbaiindians,Mumbai Indians,,12575031,2023-05-30,12:41:19,206,5497846,5520574,0,22728,21260,"['â€œA big thank you to our fans for the love and support throughout. Our paltan is the soul of Mumbai Indians! Beyond the wins and losses, MI has always been about spreading joy and cheer. And the team did that again. They put up a great show, fought hard in spite of the setbacks, and as always, gave a platform to amazing young talent like Tilak, Nehal, Madhwal, and Green! We are taking back lots of positives from this season with a promise to come back stronger next year.â€\n\n- Nita Ambani and Akash Ambani.\n\n#OneFamily #MumbaiMeriJaan #MumbaiIndians', 'We fought for you, we played for you. Fell short, but full of gratitude for you, Paltan. ğŸ’™\n\n#OneFamily #MumbaiIndians #TATAIPL #IPL2023', 'à¤†à¤ªà¤²à¥€ à¤«à¥…à¤®à¤¿à¤²à¥€. #OneFamily. ğŸ’™\n\n#MumbaiMeriJaan #MumbaiIndians #IPL2023', ""Aapli Mumbaikerr loves ğŸ‡®ğŸ‡³ and the feeling's mutual! ğŸ’™\n\n#OneFamily #MumbaiIndians #AaliRe #WPL #womenscricket #ameliakerr"", 'ğŸšŒ trips à¤†à¤£à¤¿ à¤®à¤œà¥à¤œà¤¾ à¤®à¤¸à¥à¤¤à¥€ with the boys ğŸ˜\n\n#OneFamily #TeamIndia #WTC2023 @jd_unadkat @mohammedsirajofficial @akshar.patel @ishankishan23', 'Just 7ï¸âƒ£ Days to #WTC23 Final ğŸ‘Š\n\n#OneFamily #TeamIndia #WTC2023 @rohitsharma45 @virat.kohli @mohammedsirajofficial @akshar.patel @cheteshwar_pujara', 'Akash Madhwal, First of his name, Breaker of Stumps, Collector of Hearts and Wickets, MIâ€™s own. ğŸ’™\n\n#OneFamily #MumbaiMeriJaan #MumbaiIndians #IPL2023 @akash_madhwal_', 'ğŸš¨ Task for the day: pick your favourite knock from these ğŸ” four! \n\n(Yes, we know it wonâ€™t be easy ğŸ˜Œ) \n\n#OneFamily #MumbaiIndians #AaliRe #WPL #womenscricket', '#OneFamily ke saath hasi mazak masti toh permanent hai ğŸ˜‚ğŸ˜œğŸ•º\n\n#MumbaiMeriJaan #MumbaiIndians #TATAIPL #IPL2023', 'Surfs ğŸ†™ ğŸ„\u200dâ™‚ï¸\n\n#OneFamily #MumbaiMeriJaan #MumbaiIndians @timdavid8 @dewald_brevis_17 @tristanstubbs013', 'Skipper says ğŸ‘ğŸ˜\n\n#OneFamily #WTC2023 @rohitsharma45', ""ğŸ®ğŸ³ğŸ¯ğŸ³ ğ—¥ğ˜‚ğ—»ğ˜€\nğŸ³ğŸ³ ğ—ªğ—¶ğ—°ğ—¸ğ—²ğ˜ğ˜€\nğŸ­ğŸ°ğŸ­ ğ—¦ğ—¶ğ˜…ğ—²ğ˜€\nğŸ®ğŸ°ğŸ² ğ—™ğ—¼ğ˜‚ğ—¿ğ˜€\n\nAll this and more witnessed at the Joint Best Venue of the season.\n\nWankhede you've been special ğŸ’™\n\nPicture credits: @ompsyram \n\n#OneFamily #MumbaiIndians #MumbaiMeriJaan""]",https://instagram.com/mumbaiindians
royalchallengersbangalore,Royal Challengers Bangalore,Athlete,10904664,2023-05-30,04:53:02,87,5765726,5775987,0,10261,17774,"['Stories from Virat Kohliâ€™s childhood in Delhi \n\nWe met Viratâ€™s first coach Rajkumar Sharma, childhood friend Shalaj & his mother, and they tell us beautiful unheard anecdotes from Viratâ€™s early days as a budding cricketer in Delhi, on @HombaleFilms brings to you Bold Diaries.\n\n#PlayBold #à²¨à²®à³à²®RCB #IPL2023', 'RCB Insider with Mr. Nags fr. Mohammed Siraj \n\nIn form, on and off the field. Mr. Nags and Siraj bring in the Hyderabad flavour, do magic and entertain yâ€™all, on @hombalefilms brings to you RCB Insider.\n\n#PlayBold #à²¨à²®à³à²®RCB #IPL2023', 'Target Neutralized â˜ï¸\n\nThere was no shortage of epic bullseye throws this season! ğŸ¯\n\nWe set high standards of fielding for ourselves, and these direct hits will continue to inspire us! ğŸ‘Š\n\n#PlayBold #à²¨à²®à³à²®RCB #IPL2023', 'The look when you see pace-friendly tracks! ğŸ˜\n\n#PlayBold #TeamIndia #WTC23', 'Striding in like a King! ğŸ‘‘\n\nThe Oval obstacle on his mind! ğŸ†\n\n#PlayBold #TeamIndia #WTC23', ""Captain Faf's class is beyond boundaries! \U0001fae1\n\nWe can't wait for next year too, Skip! ğŸ™Œ\n\n#PlayBold #à²¨à²®à³à²®RCB #IPL2023"", 'Out of the stadium and into the history books! ğŸ’ª\n\nCaptain @fafdup struck the longest six and also topped the list of most sixes for #IPL2023! ğŸ‘Š\n\n#PlayBold #à²¨à²®à³à²®RCB', ""Maxwell struck em well! ğŸš€\n\nAwaiting Maxi Mania in '24! ğŸ™Œ\n\n#PlayBold #à²¨à²®à³à²®RCB #IPL2023"", 'Getting ready for The Oval battle! ğŸ’™ğŸ‡®ğŸ‡³\n\nThe #WTC23 Final prep is going strong! ğŸ’ª\n\nğŸ“¸: BCCI \n\n#PlayBold #TeamIndia', ""ğ˜ğ˜¯ ğ˜µğ˜©ğ˜¦ ğ˜©ğ˜¢ğ˜¯ğ˜¥ğ˜´ ğ˜°ğ˜§ ğ˜¢ ğ˜®ğ˜¢ğ˜´ğ˜µğ˜¦ğ˜³ ğ˜¤ğ˜³ğ˜¢ğ˜§ğ˜µğ˜´ğ˜®ğ˜¢ğ˜¯, ğ˜µğ˜©ğ˜¦ ğ˜¸ğ˜ªğ˜­ğ˜­ğ˜°ğ˜¸ ğ˜£ğ˜¦ğ˜¤ğ˜°ğ˜®ğ˜¦ğ˜´ ğ˜¢ ğ˜¸ğ˜¦ğ˜¢ğ˜±ğ˜°ğ˜¯ ğ˜°ğ˜§ ğ˜¥ğ˜¦ğ˜´ğ˜µğ˜³ğ˜¶ğ˜¤ğ˜µğ˜ªğ˜°ğ˜¯! ğŸğŸ”¥\n\nCongratulations to Maxi for winning the 'Electric Striker of the Season' award for smashing it at 1âƒ£8âƒ£3âƒ£.4âƒ£8âƒ£! ğŸ¥µ\n\nYou were a force to reckon with, and we're looking forward to seeing you embrace the same mojo next season, mate! ğŸ™Œ\n\n#PlayBold #à²¨à²®à³à²®RCB #IPL2023"", 'Every rep, every session counts ğŸ’ª\n\nKing Kohli is putting in the hard yards for the #WTC23 Final ğŸ”¥\n\nğŸ“¸: BCCI \n\n#PlayBold #TeamIndia', 'ğ—¦ğ—¡ğ—”ğ—£ğ—¦ğ—›ğ—¢ğ—§ğ—¦ ğ—œğ—£ğ—Ÿ ğŸ®ğŸ¬ğŸ®ğŸ¯ ğŸ“¸\n\nIt was one of the most exciting seasons of the #IPL, and here are some  memories to look back on! ğŸ¤©\n\nWhat was your favorite moment, 12th Man Army? ğŸ¤”\n\nğŸ“¸: BCCI \n\n#PlayBold #à²¨à²®à³à²®RCB #IPL2023']",https://instagram.com/royalchallengersbangalore
kkriders,Kolkata Knight Riders,Sports team,3925005,2023-05-30,00:00:11,108,2880754,2896328,0,15574,14335,"['To our #KnightFam who never stopped believing in us! ğŸ™Œ\n\nPorer bochor abar, #AmiKKR! ğŸ’œ\n\n#KKR #TATAIPL2023 \n@nitishrana_official @lockieferguson @jasonroy20 @ar12russell @venkatesh.iyer2512 @vaibhav2816 @suyashsharma_5 @rinkukumar12 @sunilnarine24 @chakaravarthyvarun @umeshyaadav @tim_southee @realjcharles @harshit_rana_06 @shardul_thakur @davidwiese96 @rahmanullah.gurbaz @mandeeps12 @royanukul @kulwantkhejroliya_official @jagadeesan_200 @aarya_adessai3 @litton_kumer_das', 'It was a pleasure, Batch of 2023! ğŸ’œ\n\n#KKRvLSG #AmiKKR #KKR #TATAIPL2023', 'ğ™‹ğ™šğ™ğ™¡ğ™š ğ˜¼ğ™–ğ™¥ ğ™£ğ™–ğ™ğ™ğ™£â€¦ ğ™‹ğ™šğ™ğ™¡ğ™š ğ˜¼ğ™¥ğ™¥! ğŸ˜ŒğŸ™\n\nNow serving hot, ek ekdam Fatafati App for our Fatafati fans - the #KnightClub App! \nYour one-stop-shop for all things KKR - Earn Knight tokens, rise up in the leaderboard, and get to win exclusive KKR Merchandise! \n\nğƒğğ–ğğ‹ğğ€ğƒ ğğğ–! ğŸ’œ\nLink in Bio.\n\n#AmiKKR #KnightClub #KKR', 'Igniting the fire of passion, true spirit, and emotions, cheers to the perfect celebration. \n\n@royalgreenmusic_cds #TeamKKR #RoyalGreen #TasteTheSuccess #ThePerfectBlend #CricketSuccess #Cricket2023 #RGCricketSuccess #AmiKKR #Kolkata #ThePerfectBlend #Celebrations #Passion #Devotion #Emotion', 'POV: We followed Kay on a ğŸ›¥ ride ğŸ˜ƒ\n\n#AmiKKR #KKR', '#KnightMoments ğŸ‘‰ A valiant fight put up by Russell! ğŸ™Œ\n\n#PBKSvKKR #AmiKKR #KKR #TATAIPL2023', ""Can't wait for those mystery spells again! ğŸ™ŒğŸ’«\n\n#AmiKKR #KKR #TATAIPL2023"", 'ğŸ“¹ | A roller-coaster ride full of special memories \U0001faf6\n\n#AmiKKR #KKR #TATAIPL2023 #reelitfeelit #reelkarofeelkaro #IPLOnReels #IPL2023', 'Golden words from Mahi for Anukul! ğŸ—£\n\n#AmiKKR #KKR #TATAIPL2023 #reelitfeelit #reelkarofeelkaro #ipl2023 #IPLOnReels', 'Lighting up Eden more than ever with their presence! ğŸ’«ğŸ¥°\n\n#AmiKKR #KKR #TATAIPL2023', 'WHAT. A. MATCH! ğ˜ğ˜©ğ˜ªğ˜´ğ˜µğ˜­ğ˜¦ ğ˜—ğ˜°ğ˜¥ğ˜¶ for that 5âƒ£th TATA IPL Trophy. Congratulations, @chennaiipl! ğŸ™Œ\n\n#CSKvGT #TATAIPL', '""Given the circumstances, this would be the ideal time to announce my retirement. The easy thing would be to say thank you (and walk away), but the harder thing would be to work hard for 9 months and try to play at least ONE MORE SEASON OF THE IPL. \n\nI have 6-7 months to decide. It won\'t be easy on the body, but it would be a gift from side for all the love I\'ve received from all over this IPL.""\n\n- @mahi7781 ğŸ’›ğŸ’œğŸ’™â¤ï¸ğŸ§¡']",https://instagram.com/kkriders
delhicapitals,Delhi Capitals,Digital creator,3597382,2023-05-28,13:55:54,119,254343,255154,0,811,18097,"['Dear DC Fans, \n\nItâ€™s been a rollercoaster of a 3-and-a-half months for all of us here, as weâ€™ve strived to tell you the Delhi Capitals story, through the WPL & IPL, to the best of our ability. \n\nOur digital team, that has worked tirelessly through the season to bring to you all the content that youâ€™ve always shown so much of love for, needs a bit of a time-out. Weâ€™re pressing the â€˜pauseâ€™ button between May 30 (starting 11 am) to June 4, to recharge, refresh & reboot ourselves. \n\nUntil then, a big Thank You from the bottom of our hearts for your unwavering support and love for Delhi Capitals. Weâ€™ll be back soon. Take care.\n\nLove, \nThe DC Digital Team', 'An #IPL2023Final to remember ğŸ”¥\n\nCongratulations @chennaiipl on your 5th IPL trophy ğŸ†ğŸ™ŒğŸ»', 'A day that played out in style, as we rolled up to meet the fans and experience the command of the #ScorpioN.\n\n#ScorpioN #DC #DelhiCapitals #MahindraAuto #ExploreTheImpossible', 'London Calling ğŸ¤©\n\nMitch will join the Australian squad as a stand-by player for the #WTCFinal ğŸ‘\n\n#INDvAUS #WTC23', 'Dada ğŸ¤Kaif ğŸ‘‰ NatWest Series 2002 nostalgia hitting hard ğŸ¥ºğŸ’™', 'On National Duty \U0001fae1\n\nDavid Warner specials ğŸ‘‰ soon in Aussie whites!\n\n#WTCFinal #WTC23 #INDvAUS', 'ğ™ˆğ™–ğ™£ğ™˜ğ™ğ™šğ™¨ğ™©ğ™šğ™§ ğ™™ğ™ğ™–ğ™§ğ™ğ™šğ™¨ ft. Mitch and Co. ğŸ˜âš½', ""We're never getting tired of Jemi's takes on trends ğŸ˜‚ğŸ’™"", 'A partnership that stuck with us through thick and thin ğŸ¤ \n\nThank you, @jsw.group, @dpworld, and @greenpanelofficial, for extending your support throughout our #IPL2023 journey ğŸ’™\n\n#YehHaiNayiDilli', 'For celebrating our moments of joy, laughter and resilience throughout the season \U0001fae1\n\nWe thank our associate sponsors for their unwavering support during the #IPL2023 campaign ğŸ’™â¤\n\n#YehHaiNayiDilli', ""This #IPL2023 campaign wouldn't have been the same without your support ğŸ™Œ\n\nA big thank you to all our official partners for their relentless support ğŸ’™\n\n#YehHaiNayiDilli"", 'Our DC boys gearing ğŸ†™ for #WTC23 ğŸ˜\n\n#WTCFinal #INDvAUS']",https://instagram.com/delhicapitals
sunrisershyd,SunRisers Hyderabad,Sports team,3230364,2023-05-28,06:30:11,90,562605,564838,0,2233,11613,"['See you next season, #OrangeArmy ğŸ§¡', '2âƒ£nd IPL ğŸ–-fer âœ…\nPowerplay wickets âœ…\nA bag full of dot-balls ğŸ’¥âœ…\n\nOur very own, the SWING KING ğŸ‘‘', ""Leggie or wrong'un? ğŸ¤”"", 'Thanks for jumping in on the madness! Here are the list of winners for the Wrogn Kind of Fan contest: \n\n1) @punksaurus \n2) @srmk_1505 \n3) @nagendra._.94 \n4) @marwa_badoni5 \n5) @s_a_i_0.0.7 \n6) @raghuadapa \n7) @shashanth_5_3_7_4 \n8) @macrosmeasured \n9) @srhfanclub3.0 \n10) @sanjukta_das1 \n\nCongratulations! ğŸ‰ \n\n#WrognKindOfFan #StayWrogn #OrangeArmy #SunrisersHyderabad #Hyderabad', 'Mission WTC: ğŸ‡®ğŸ‡³âš”ï¸ğŸ‡¦ğŸ‡º ğŸ”¥\n\n#TeamIndia are ğŸ”› it ğŸ‘Š', ""ğ— ğ—®ğ—¿ğ—¸ ğ—®ğ—»ğ—± ğ—±ğ—²liver ğŸ”¥\n\nMayank's #IPL2023 numbers are just \U0001faf6"", ""Our #Risers who'll be in action this week ğŸ”¥ğŸ‘†"", 'Red ball cricket mode ğŸ”›ğŸ”¥\n\nDrop a ğŸ‘ to wish Yashasvi good luck for the WTC Final in England ğŸ´\U000e0067\U000e0062\U000e0065\U000e006e\U000e0067\U000e007f\n\nğŸ“¸: @yashasvijaiswal28', 'Looking for some dot balls in the market? ğŸ¤” \n\nBhu-we can deliver you the best ğŸ”¥ğŸ§¡', 'We extend our best wishes to both @chennaiipl & @gujarat_titans for the FINAL tonight ğŸ‘', 'ğ˜“ğ˜¢ ğ˜ğ˜¢ğ˜®ğ˜ªğ˜­ğ˜ªğ˜¢ ğŸ§¡', 'Blazing blades in orange ğŸ”¥\n\nShare with us your favourite knock ğŸ‘‡']",https://instagram.com/sunrisershyd
kxipofficial,,,344,,,1,0,0,0,0,0,[],https://instagram.com/kxipofficial
