UserName,Name,Category,Followers,Post Created Date,Post Created Time,Following,Likes,Total Interactions,Views,Comments,Number of Post,Posts,Type of Post,Likes Disabled,Views Disabled,Latest Post URL,Link
jlo,Jennifer Lopez,Artist,247497892,2023-05-16,00:39:04,1518,6466806,6539929,2596215,73123,729,"FLASHâš¡ï¸Premiere @gucci @ash_kholm @JesusHair @TomBachik @RobZangardi @MarielHaenn @jlobeauty, Brunch Time â™¥ï¸ Feeling Bella Berry 
#SundayFunday #DelolaLife @Delola, Thank you!!! to everyone who has been watching #TheMother and helped make it a top 10 movie of all time on @Netflix and hitting #1 worldwide 4 weeks in a row! Thank you so much for watching âœ¨Celebrate with me this weekend! #Cheers #DelolaLife ğŸ¥‚ @delola @egt239, Because us hustlers donâ€™t have time for long, complicated routines... my @JLoBeauty skincare routine can be done in 5 mins or less ğŸ¤© Get right, bright and tight skin with @JLoBeauty @Sephora, Our newest little babies have arrived!!!! 
@JLoBeauty Ultimate Body Trio minisğŸ¤©âœ¨ 
Just dropped on JLoBeauty.com â€¦ Get yours today!, On Wednesdays we Drink Paloma Pink! ğŸ’•ğŸ©· @Delola #DelolaLife #PalomaRosa, Summer is finally here â˜€ï¸ @Delola is the official drink of the summer â€¦ so sit back, open a bottle, pour over ice & enjoy! ğŸ©µ XOXO, Lola #DelolaLife ğŸ“¸ @gregswalesart, New unreleased scene from #TheMother âœ¨ Enjoy it this #MemorialDayWeekendâ€¦ @netflix @egt239 @nikicaro @gaelgarciab #JosephFiennes ğŸ“¸ @lacarba, A lil #MemorialDayWeekend treat for you â€¦ a special extended flashback scene from #TheMother!!! @netflix @nikicaro @gaelgarciab @egt239

ğŸ“·: @lacarba, WARRIOR. #TheMother @Netflix

@nikicaro @egt239 @lucypaezofficial 

ğŸ“¸ @lacarba ğŸ¥ @jasonbergh, Dot, blend and glow with my favorite @JLoBeauty contour and highlight hack âœ¨ Get the Look on JLoBeauty.com + @Sephora #JLoBeautyRemix, #THEMOTHER #NuyoricanProductions @nikicaro @egt239 @courtneybaxterr @lucypaezofficial @netflix ğŸ“¸ @lacarba",video,False,False,https://instagram.com/p/Cta0nDZLX1C,https://instagram.com/jlo
